slug,slide_number,headline,body,visual_notes,image_url
slide-01,1,Rank the trustworthy thing above the popular thing,"Three years building local, verifiable knowledge systems — from classroom idea to EMPIRE.",Abstract or personal photo; no code.,
slide-02,2,Local · unmetered · verifiable,"I build on my own hardware: weighted retrieval, explicit contracts, checkpointed jobs — not infinite cloud ingest.",Three-icon row: laptop lock checkmark,
slide-03,3,2024 — Documents first then YouTube,"PDF learning hub (Nov 2024). Then IRENE: re-rank YouTube for education — likes/views not raw views; threshold 0.6. Aporia Flask tracker.",Filter snippet or PDF→hub diagram,
slide-04,4,Same architecture two years apart,"Over-fetch → weighted heuristics → threshold → refuse to invent. YouTube 2024 → Wikipedia scout 2026.",Reusable flow diagram,
slide-05,5,Simulate then build,"Raine blueprint: stress-test logic and personality in dialogue before shipping. PREVaiL learning-style responses. Thinking Coordinator: co-worker not chatbot.",Quote card or blurred blueprint,
slide-06,6,13 apps then the platform died,"Beta-tested Hatch canvas; exported ~25k lines when it shut down. Tried Playful (TestFlight); kept my IP and went local-first.",Energia idea-farm student dashboard collage,
slide-07,7,Failures became contracts,"Env hell schema mismatches CORS — documented Aug 2025. Answer: sandboxes operating contract LEGO manifest mechanic-green gates.",Dashboard or pass/fail graphic,
slide-08,8,EMPIRE — local agent workbench,"Eve on Ollama; PocketBase tasks; Cognee memory; MCP tools; HTMX workbench. Toolbelt: Wiki DAZE Stem Factory.",Neon Storm eve.html screenshot,
slide-09,9,Stop the ingest keep the corpus,"Wiki work halted at ~71k / 46M pages — bounded checkpoint not abandoned idea. Frozen snapshots for truth/drift.",Unbounded vs checkpointed fork,
slide-10,10,Music at library scale,"Moises-class pipeline: Demucs stems practice tracks batch runs — integrated as EMPIRE Toolbelt limb.",Stem stages or practice track,
slide-11,11,Books → structured worlds,"2025 design: extraction vectors card templates — ancestor of structured extract / LEGO cards.",Concept card mockup; optional skip,
slide-12,12,Lessons that transfer,"Narrow scope keep core · Bounded jobs · Write continuity · Protect before optimize · Small verified wins · Real-day documentation · Progress as unlocks.",Seven small cards,
slide-13,13,What I work on,"Retrieval · Local AI ops · Agents/MCP · Document/audio pipelines · Reliability · Backup estate · Product beta · Education-adjacent UX.",Skills grid,
slide-14,14,2026 — One hub two backups one repo,"EMPIRE_HUB on E:; rclone pool to cloud; GitHub Empire; offline disc planned. Workspace from fragmented drives to one story.",Hub diagram no secret paths,
slide-15,15,Let's build verifiable systems,"GitHub: sbrookshire-raine/Empire · Open to teaching-adjacent product · Full audit ODYSSEY on request.",QR link button portrait optional,
